[
    {
        "uid": "12740477960",
        "region": "BD",
        "user_id": 1280802698437857346
    },
    {
        "uid": "11329446093",
        "region": "BD",
        "user_id": 1280802698437857346
    },
    {
        "uid": "12117044327",
        "region": "BD",
        "user_id": 1337410933605142579
    },
    {
        "uid": "708616227",
        "region": "BD",
        "user_id": 1337410933605142579
    },
    {
        "uid": "2862576446",
        "region": "BD",
        "user_id": 1337410933605142579
    }
]